{"AITeamVN\/Vietnamese_Embedding":{"ndcg@3":0.7887244966,"ndcg@5":0.8100624204,"ndcg@10":0.820796516,"mrr@3":0.7583333333,"mrr@5":0.7722395833,"mrr@10":0.7764608135,"recall@3":0.8765625,"recall@5":0.921875,"recall@10":0.95625,"precision@3":0.2921875,"precision@5":0.184375,"precision@10":0.095625,"f1@3":0.43828125,"f1@5":0.3072916667,"f1@10":0.1738636364}}