{"AITeamVN\/Vietnamese_Embedding":{"ndcg@3":0.8426870805,"ndcg@5":0.8549934685,"ndcg@10":0.8650060159,"mrr@3":0.8221354167,"mrr@5":0.8290104167,"mrr@10":0.8333891369,"recall@3":0.9015625,"recall@5":0.93125,"recall@10":0.9609375,"precision@3":0.3005208333,"precision@5":0.18625,"precision@10":0.09609375,"f1@3":0.45078125,"f1@5":0.3104166667,"f1@10":0.1747159091}}