{"BAAI\/bge-m3":{"ndcg@3":0.7752386689,"ndcg@5":0.7973819168,"ndcg@10":0.8119622236,"mrr@3":0.74765625,"mrr@5":0.7633333333,"mrr@10":0.7712797619,"recall@3":0.8546875,"recall@5":0.8984375,"recall@10":0.9375,"precision@3":0.2848958333,"precision@5":0.1796875,"precision@10":0.09375,"f1@3":0.42734375,"f1@5":0.2994791667,"f1@10":0.1704545455}}