{"BAAI\/bge-m3":{"ndcg@3":0.7840562695,"ndcg@5":0.8066502493,"ndcg@10":0.8170164631,"mrr@3":0.76328125,"mrr@5":0.775859375,"mrr@10":0.7802932788,"recall@3":0.84375,"recall@5":0.8984375,"recall@10":0.9296875,"precision@3":0.28125,"precision@5":0.1796875,"precision@10":0.09296875,"f1@3":0.421875,"f1@5":0.2994791667,"f1@10":0.1690340909}}