{"bkai-foundation-models\/vietnamese-bi-encoder":{"ndcg@3":0.8272473853,"ndcg@5":0.8447809255,"ndcg@10":0.8469373104,"mrr@3":0.79921875,"mrr@5":0.8095052083,"mrr@10":0.8067714534,"recall@3":0.9078125,"recall@5":0.9484375,"recall@10":0.96875,"precision@3":0.3026041667,"precision@5":0.1896875,"precision@10":0.096875,"f1@3":0.45390625,"f1@5":0.3161458333,"f1@10":0.1761363636}}