{"bkai-foundation-models\/vietnamese-bi-encoder":{"ndcg@3":0.8141158641,"ndcg@5":0.8296499635,"ndcg@10":0.8395668248,"mrr@3":0.7966145833,"mrr@5":0.8052864583,"mrr@10":0.8095715526,"recall@3":0.8640625,"recall@5":0.9015625,"recall@10":0.93125,"precision@3":0.2880208333,"precision@5":0.1803125,"precision@10":0.093125,"f1@3":0.43203125,"f1@5":0.3005208333,"f1@10":0.1693181818}}