{"VoVanPhuc\/sup-SimCSE-VietNamese-phobert-base":{"ndcg@3":0.7281220302,"ndcg@5":0.7497403039,"ndcg@10":0.7616119206,"mrr@3":0.6994791667,"mrr@5":0.7111979167,"mrr@10":0.7157378472,"recall@3":0.8109375,"recall@5":0.8640625,"recall@10":0.9015625,"precision@3":0.2703125,"precision@5":0.1728125,"precision@10":0.09015625,"f1@3":0.40546875,"f1@5":0.2880208333,"f1@10":0.1639204545}}