{"hiieu\/halong_embedding":{"ndcg@3":0.7362695637,"ndcg@5":0.7571826038,"ndcg@10":0.7791692933,"mrr@3":0.7104166667,"mrr@5":0.7219010417,"mrr@10":0.7319760665,"recall@3":0.8109375,"recall@5":0.8625,"recall@10":0.9265625,"precision@3":0.2703125,"precision@5":0.1725,"precision@10":0.09265625,"f1@3":0.40546875,"f1@5":0.2875,"f1@10":0.1684659091}}