{"hiieu\/halong_embedding":{"ndcg@3":0.656377486,"ndcg@5":0.6758807035,"ndcg@10":0.7013682935,"mrr@3":0.63046875,"mrr@5":0.64140625,"mrr@10":0.6520566716,"recall@3":0.73125,"recall@5":0.778125,"recall@10":0.85625,"precision@3":0.24375,"precision@5":0.155625,"precision@10":0.085625,"f1@3":0.365625,"f1@5":0.259375,"f1@10":0.1556818182}}