{"huyydangg\/DEk21_hcmute_embedding":{"ndcg@3":0.7521732634,"ndcg@5":0.7692586509,"ndcg@10":0.785100816,"mrr@3":0.7247395833,"mrr@5":0.7344270833,"mrr@10":0.7410763889,"recall@3":0.83125,"recall@5":0.871875,"recall@10":0.9203125,"precision@3":0.2770833333,"precision@5":0.174375,"precision@10":0.09203125,"f1@3":0.415625,"f1@5":0.290625,"f1@10":0.1673295455}}