{"huyydangg\/DEk21_hcmute_embedding_wseg":{"ndcg@3":0.9084054754,"ndcg@5":0.9147924235,"ndcg@10":0.9177419411,"mrr@3":0.8895833333,"mrr@5":0.8930989583,"mrr@10":0.894265873,"recall@3":0.9625,"recall@5":0.978125,"recall@10":0.9875,"precision@3":0.3208333333,"precision@5":0.195625,"precision@10":0.09875,"f1@3":0.48125,"f1@5":0.3260416667,"f1@10":0.1795454545}}