{"VoVanPhuc\/sup-SimCSE-VietNamese-phobert-base":{"ndcg@3":0.5588516918,"ndcg@5":0.5847985181,"ndcg@10":0.6113291777,"mrr@3":0.5369791667,"mrr@5":0.5511197917,"mrr@10":0.5622178819,"recall@3":0.621875,"recall@5":0.6859375,"recall@10":0.7671875,"precision@3":0.2072916667,"precision@5":0.1371875,"precision@10":0.07671875,"f1@3":0.3109375,"f1@5":0.2286458333,"f1@10":0.1394886364}}