{"VoVanPhuc\/sup-SimCSE-VietNamese-phobert-base":{"ndcg@3":0.6884828579,"ndcg@5":0.7138294551,"ndcg@10":0.7338936948,"mrr@3":0.66015625,"mrr@5":0.6711979167,"mrr@10":0.6769605655,"recall@3":0.7703125,"recall@5":0.8421875,"recall@10":0.9140625,"precision@3":0.2567708333,"precision@5":0.1684375,"precision@10":0.09140625,"f1@3":0.38515625,"f1@5":0.2807291667,"f1@10":0.1661931818}}