{"dangvantuan\/vietnamese-embedding":{"ndcg@3":0.7189708808,"ndcg@5":0.7465206525,"ndcg@10":0.7634160216,"mrr@3":0.6963541667,"mrr@5":0.711953125,"mrr@10":0.7188535466,"recall@3":0.784375,"recall@5":0.85,"recall@10":0.9015625,"precision@3":0.2614583333,"precision@5":0.17,"precision@10":0.09015625,"f1@3":0.3921875,"f1@5":0.2833333333,"f1@10":0.1639204545}}