{"dangvantuan\/vietnamese-embedding":{"ndcg@3":0.7171104082,"ndcg@5":0.7435365569,"ndcg@10":0.7583149976,"mrr@3":0.6901041667,"mrr@5":0.7047916667,"mrr@10":0.7122612847,"recall@3":0.7953125,"recall@5":0.859375,"recall@10":0.9,"precision@3":0.2651041667,"precision@5":0.171875,"precision@10":0.09,"f1@3":0.39765625,"f1@5":0.2864583333,"f1@10":0.1636363636}}